title,item_id
F.E.A.R.,21090
Star Rogue,438440
Armored Kitten,713530
Starpoint Gemini Warlords,419480
Pay2Win: The Tricks Exposed,416760
Mayan Prophecies: Ship of Spirits Collector's Edition,568160
The Legend of Heroes: Trails in the Sky,251150
Guppy,698500
Pirates of the Polygon Sea,479020
Combat Core,405670
Saints Row IV: Presidential Pack,247292
M.E.R.C.,555010
Gridrunner Revolution,27810
Club Naughty,558870
Umbrella Corps‚Ñ¢/Biohazard Umbrella Corps‚Ñ¢,390340
NARUTO SHIPPUDEN: Ultimate Ninja STORM Revolution - DLC5 Jinchuriki Costume Pack 2,301894
Pastelia Stories,486690
Lily¬¥s Epic Quest,507270
Cyber Utopia - Artworks.,660220
Deus Ex: Mankind Divided‚Ñ¢ DLC - Tactical Pack,413390
Crazy Ball Adventures - Treasure,768600
TANE DLC: Duchess,404212
Talisman: The Horus Heresy - Heroes &amp; Villains 4,635340
Miss Popularity,12660
On The Path - Soundtrack,564870
Sylvio 2,686500
Evil Glitch,619890
Run Rabbit Run - Soundtrack,450070
Ratz Instagib ‚Äì Original Soundtrack,347070
VoidExpanse: Pariahs' Bane,499410
Call of Duty¬Æ: Ghosts,209160
Combat Wings: Battle of Britain,34820
Tony Tough and the Night of Roasted Moths,356210
Phantom Brave PC / „Éï„Ç°„É≥„Éà„É†„Éª„Éñ„É¨„Ç§„Éñ PC - Digital Art Book / „Éá„Ç∏„Çø„É´„Éª„Ç¢„Éº„Éà„Éñ„ÉÉ„ÇØ,475010
Trimmer Tycoon,505750
Mystery Case Files: The Revenant's Hunt Collector's Edition,749080
Downwell,360740
Gotham City Impostors Free to Play: Premium Card Pack 2,216457
REVOLVER360 RE:ACTOR,313400
Euro Truck Simulator 2 - Schwarzm√ºller Trailer Pack,388477
Symplok√©: La Leyenda de Gustavo Bueno (Cap√≠tulo 2),678920
Deckbound Heroes (Open Beta),540160
Arma: Cold War Assault Mac/Linux,594550
Albert and Otto - Original Soundtrack,418580
Just Dance 2017,446560
East India Company: Privateer,42800
16bit Trader,375460
Incredible Dracula II: The Last Call Collector's Edition,572580
DOA5LR Arc System Works Mashup Set,601390
Magicka: Grimnir's Laboratory,73120
TANE DLC: CSX Transportation GE B30-7,404216
Vendetta - Curse of Raven's Cry,386280
MDK 2,38460
COH 2 - British Commander: Special Weapons Regiment,260293
"Spy Fox in ""Dry Cereal""",283980
Fapic,679070
Linked,596590
European Mystery: The Face of Envy Collector's Edition,695950
Flora,733480
RPG Maker MV - Medieval: Interiors,455521
Hot Pinball Thrills,373810
Kitchen Simulator 2,688020
Steam Tactics,708950
"Papers, Please",239030
Demon Hunter: Chronicles from Beyond,330990
Tropico 5 - Gone Green,306397
Rocksmith - Blue Oyster Cult - Burnin' for You,222100
404Sight,361630
Stories: The Path of Destinies,439190
Europa Universalis III: Reformation SpritePack,25812
Christmas Adventure: Candy Storm,456430
Wars Across the World: Finland 1918,574961
Last Hope,765620
Tom Clancy's Ghost Recon Future Soldier - Arctic Strike DLC,212671
Clicker bAdventure,736430
Arma 3 Zeus,275700
Aegis,530520
Confrontation,204560
City of Brass,301840
Crimzon Clover WORLD IGNITION - Superplay Strategy Guide,326310
X-Plane 11 - Add-on: Aerosoft - Airport Stuttgart,675350
Transcendence,364510
Thorne - Death Merchants,451920
The BoX,424750
Rogue Wizards,392260
The Blackwell Legacy,80330
"Ortus Arena, strategy board game online",498850
Jewel Quest Pack,37960
Cats Make You Smarter!,720670
What Remains of Edith Finch,501300
Shiny - Official Soundtrack,523820
Rise of Flight: Intrepid Flyers,315560
Dirty Bomb - Firestorm Starter Pack,701312
Superstatic - Soundtrack,380640
LA soul,674030
Wooden Battles,703510
Train Simulator: Konstanz-Villingen Route Add-On,621922
Arelite Core,466160
Planet Diver,417980
Karos,337410
Crime Solitaire 2: The Smoking Gun,672720
Winning Putt: Golf Online,458960
Tiamat X,343340
Dusty Revenge:Co-Op Edition,252430
Orbs,660450
Shattered God - Quest for the Divine Relic,661110
PAC-MAN MUSEUM‚Ñ¢,236470
Lost Crew,522010
Christmas Tale - Visual Novel,765400
Ame no Marginal -Rain Marginal- - Original Soundtrack,386760
Village Story,601280
Hearts of Iron III: Japanese Vehicle Spritepack,214988
Blacksquad - Welcome Fortune Box,654180
Tomb Raider: Scavenger Bandit,208792
Jump! Jump! Jump!,761100
Landstalker: The Treasures of King Nole,71118
Europa Universalis: Rome - Gold Edition,23420
Tower Dwellers,461860
Democracy 2,218040
Rocksmith‚Ñ¢,205190
Romancing SaGa 2,606370
Champion of the Gods,386520
Crysis Warhead¬Æ,17330
Wild Wolf,749540
SoulHunt,500420
Train Simulator: Chengdu - Suining High Speed Route Add-On,277767
Raid On Coasts,668830
Train Simulator: Southern Pacific GS-4 Loco Add-On,208352
Hope in Hell,410040
Virtual Robots - Robot programming simulator,692170
Guild Wars Trilogy,29570
Turbo Pug Soundtrack,533810
WAKFU,215080
FreeFly Burning,683530
Timore Inferno,486360
PLAY337ÊäìÈõû CATCH CHICKEN,755040
Starpoint Gemini Warlords: Deadly Dozen,649280
Blocksworld,642390
Operation: Matriarchy,435420
Panda Love,659250
A Number's life,560200
Off the Record: The Linden Shades Collector's Edition,466020
WARRIORS ALL-STARS: Ayane-themed costume for Laegrinna,658297
Super Chibi Knight,283080
Fatal Passion: Art Prison Collector's Edition,595650
Conflict of Heroes: Awakening the Bear,510320
The Great Fusion,341690
Citadale: The Legends Trilogy,670410
Octodad: Dadliest Catch,224480
Saints Row: Gat out of Hell,301910
Bang Bang Fruit,587810
Disney‚Ä¢Pixar Cars 2: The Video Game,301760
Solmec: Colony Adrift,682010
Angry Birds Space,210550
Girlfriend Rescue - Super Savefiles,468010
Sector Six,465020
Rescue Team 4,715090
DOG GONE GOLFING,665590
Crazy Toad,716310
FSX Steam Edition: Toposim Middle East Add-On,536547
GameGuru - Expansion Pack,496580
Music Wars Empire,479100
Star Wolves 3: Civil War,46260
Redux: Dark Matters,336930
GGXrd System Voice - SOL BADGUY,419473
Cosmic Rocket Defender,385630
Tropico 4,57690
UFO: Afterlight,237950
TS Marketplace: Soldier Summit Scenario Pack 01 Add-On,642790
"Please, Don't Touch Anything Soundtrack",357800
Train Simulator: West Highland Line (South) Route Add-On,277761
N.E.R.O.: Nothing Ever Remains Obscure,377480
Icarus-X: Tides of Fire,375000
Cities: Skylines - Rock City Radio,614582
Torment: Tides of Numenera,272270
The Maid_san's Caving Adventure - „É°„Ç§„Éâ„Åï„ÇìÊ¥ûÁ™üÊé¢Ê§ú -,644530
Secret Of The Royal Throne,464630
Are You Ready?,553180
Eventide 2: Sorcerer's Mirror - Artbook &amp; Soundtrack,709300
Tropico Reloaded,33520
Train Sim World¬Æ: Rapid Transit,577358
The Black Watchmen - Season 2: Enduring Conflict,396810
A-Train 8,249930
Call of Duty¬Æ: Black Ops II - Cyborg Personalization Pack,234788
The Hive,325730
Pirate Jump 2,690860
Off The Record: The Art of Deception Collector's Edition,600170
LOVE,269270
MechaNika,384680
Hacker Evolution Source Code,364750
FSX Steam Edition: Herning Airport Add-On,471896
State of Decay,241540
Football Mogul 2014,371850
BERSERK - Additional Scenario Set,569717
Audiosurf 2,235800
Iron Fisticle,306700
RUMP! - It's a Jump and Rump!,348160
Euro Truck Simulator 2 - Halloween Paint Jobs Pack,258460
Fluffy,578260
TS Marketplace: GWR Toplight Coaches Pack 01,448207
The Tale of a Common Man,370670
Lily of the Valley - Original Soundtrack,630340
FSX Steam Edition: Night Environment: Sweden Add-On,643680
Putty Pals,489110
Heliborne - Exclusive Camouflage Pack,729760
The Room Two,425580
Forest Warrior,378590
Solenars Edge Rebirth: SqueakyWafflez Soundtrack,698430
Train Simulator: Semmeringbahn - M√ºrzzuschlag to Gloggnitz Route Add-On,325990
The Puppet Master,544520
Box Maze 2 - Halloween Skins Pack,740630
CoH 2 - Soviet Skin: (M) Two Tone Spring Front,249113
The Walking Vegetables,704840
D Series OFF ROAD Driving Simulation,363430
No Time to Explain OST,681560
RectRacer,663080
CLANNAD - Anthology Manga,519110
Archamon,350880
"Please, Don‚Äôt Touch Anything",354240
Town of Salem,334230
Exodus Wars: Fractured Empire,297270
NUKED KNIGHT,448250
Narcissu 10th Anniversary Anthology Project - Season Pass,439510
S.Nero/Dante/Vergil,359491
Draw Rider,448610
Rocksmith - Maroon 5 - Misery,222116
Khimera: Destroy all Monster Girls - Doctor's Assistant Costume,485280
ManaCollect,335200
Solitaire Mystery: Stolen Power,679820
Super Markup Man,502210
Genghis Khan / Ëíº„ÅçÁãº„Å®ÁôΩ„ÅçÁâùÈπø„Éª„Ç∏„É≥„ÇÆ„Çπ„Ç´„É≥,521650
Zuma's Revenge!,3620
DESYNC,390030
Fallout 4 - Contraptions Workshop,480630
FSX: Steam Edition - Grumman HU-16B Albatross Add-On,379545
Eventide 3: Legacy of Legends,677020
Bacteria Collector's Edition Content,448760
Riptale,616000
Boot Hill Heroes,313470
Ghost Encounters: Deadwood - Collector's Edition,353070
Okhlos: Omega,400180
AstroShift Soundtrack,713960
Manual Samuel,504130
Resident Evil: Operation Raccoon City - Renegade Weapons Pack,210016
TS Marketplace: North Jersey Coast &amp; Morristown Lines Scenario Pack 01 Add-On,562391
HuniePop,339800
Dashy Square,461230
Chinomikon,693320
Train Simulator: BR Class 58 Loco Add-On,325961
Incandescent,380550
Homefront¬Æ: The Revolution - The Combat Stimulant Pack,378521
Lumber King,681500
Gary Grigsby's War in the West,644710
Hidden Expedition: The Fountain of Youth Collector's Edition,723940
Short Stories Collection of Class Tangerine,701930
The Darkness,765390
Age of Fear 3: The Legend,431700
Eventide 2: The Sorcerers Mirror,510650
Impire: Creatures of the Night,230900
Lara Croft GoL: All the Trappings - Challenge Pack 1,35136
Bard's Gold,381900
Pixel Puzzles Ultimate - Puzzle Pack: Chernobyl,591493
Light Apprentice - The Comic Book RPG,569570
Gyrodisc Super League,425870
Rocket Shooter,451210
DETOUR,92100
MANOS,350780
Call of Duty¬Æ: Advanced Warfare - Ascendance,318792
Counter-Strike Nexon: Zombies - Rivals DLC,429450
Zup! 5,645090
Farlight Explorers,352430
Rocksmith - Rush - YYZ,222041
Governor of Poker 3,436150
Mech Anarchy,420900
X-Plane 11 - Add-on: Aerosoft - Airport Lugano,614008
Crystals of Niberium,728650
Command Ops 2,521800
Spinning Around,749670
ClickRaid,658160
Avernum 2: Crystal Souls,337850
GunWorld,349950
Boratium Wars,700270
Ghostbusters: Sanctum of Slime Challenge Pack DLC,9992
Cyberia 2: Resurrection,717720
Bubsy: The Woolies Strike Back Soundtrack,735480
Prospekt,399120
Fabric: Original Soundtrack,516930
Silver Tale,677220
Mindset,716070
Son Korsan,645830
Geneforge 2,200980
SPINGUN,548230
Lords of the Fallen - Lion Heart Pack,317208
Call of Duty¬Æ: Advanced Warfare - Jackpot Personalization Pack,343599
Zup! 5 - DLC,683060
An Alien with a Magnet,390620
GoatPunks,425450
Khaaneph Fleet Pack,433242
Champions of Regnum,222520
Lords of the Fallen - Demonic Weapon Pack,317201
The Growth Journey,416610
Survarium - Vepr 'Molot' Pack,456802
Train Simulator: DB BR 648 Loco Add-On,376945
"Spy Fox 2 ""Some Assembly Required""",292240
Daedalus (Character for Occult Raise),670592
Antaria Online,679270
Goliath,363520
Kalimba - The Dark Void - Solo,346070
Train Simulator: CRH 380A High Speed Train Add-On,376955
ItzaBitza,40200
Rescue From Goblin Deep,433830
Alien Rage - Unlimited,217920
Su-27: The Ultimate Argument Campaign,316963
Medal of Honor: Airborne,24840
I am Weapon: Revival,335700
Ashes of the Singularity: Escalation - Dawn of the Singularity eBook,520646
Colorless Life,670430
Half-Life 2: DownFall,587650
POSTAL 2,223470
Fairy Fencer F ADF Ultimate Fencer Accessory Set | ÊúÄÂº∑„Éï„Çß„É≥„Çµ„ÉºË£ÖÈ£æÂìÅ„Çª„ÉÉ„Éà | ÊúÄÂº∑Â¶ñËÅñÈ£æÂìÅÂ•óÁµÑ,524594
Exodus,313960
Moonbase 332,397580
Exile's End,382130
Painkiller Hell &amp; Damnation: The Clock Strikes Meat Night,229210
The Legend of Dark Witch 2 ÔºàÈ≠îÁ•ûÂ∞ëÂ•≥„Ç®„Éî„ÇΩ„Éº„ÉâÔºíÔºâ,555580
Facility - Donation DLC,653000
SoulslayerÔΩûÁÅ≠È≠Ç¬∑ËØØ‰Ω≥ÊúüÔΩû,466810
The Huntsman: Winter's Curse (Book 2),450350
Pivot Pilot,569360
Dark Forester,349450
Delicious - Emily's Home Sweet Home,561000
Radium,355410
Rusty Lake: Roots,532110
RPG Maker VX Ace - Sci-Fi Sound Effects,332291
Dead Effect 2,394760
Lily of the Valley,628460
Tronix Defender,745420
War of the Human Tanks - ALTeR,301920
Football Manager Touch 2018 - Rise from the Ashes Challenge,711745
Goodbye Deponia,241910
FSX: Steam Edition - McDonnell Douglas DC-8‚Ñ¢ Series 10 - 40 Add-On,609826
Magic Siege - Defender,749270
Pale Spectrum - Part Two of the Book of Gray Magic,554180
Jigoku Kisetsukan: Sense of the Seasons,368950
Psychonauts,3830
NARUTO SHIPPUDEN: Ultimate Ninja STORM Revolution - DLC9 Variety Pack 3,316060
Tabletop Simulator - Cosmic Encounter Connector,405130
In Space We Brawl,359450
RPG Maker VX Ace - Ancient Dungeons: Base Pack,406071
Sky Force Reloaded,667600
Bloons TD 5,306020
Warp Rider,656370
Ivana (Character for Occult preRaise),741282
Tibetan Quest: Beyond the World's End,427550
RimWorld,294100
GGXrd System Voice - ZATO-1,419934
Nash Racing,581200
STCC The Game 2 ‚Äì Expansion Pack for RACE 07,44620
D.F.R.: The Light,747750
Pixel Car,728990
Lumini - Original Soundtrack / Artbook,396780
TS Marketplace: dia. 1/146 HTV 21t Coal Hopper Wagon Pack,326029
Train Simulator: Norfolk Southern Heritage ES44ACs Loco Add-On,222542
Audials Tunebite 2016 - Upgrade to Audials One Suite,406240
Etherlords II,270790
Hocus Pocus,358290
sZone - Cat Mask,572470
Darksiders‚Ñ¢,50620
Gratuitous Tank Battles - The Western Front,205541
The Concourse,468780
Tales of Maj'Eyal - Embers of Rage,404250
Word Wonders: The Tower of Babel,362790
HexaMon,743480
MiG-29 Fulcrum,32740
Bunny Must Die! Chelsea and the 7 Devils,250660
The Banner Saga,237990
ZAMB! Biomutant Extermination,284580
The Sims 3: Supernatural,223593
Pharaoh + Cleopatra,564530
Duke Nukem 3D: 20th Anniversary World Tour,434050
The Flaws of Gravity,628700
Daath Origins‚Ñ¢,655340
"Games of Glory - ""Guardians Pack""",592421
Call of Duty¬Æ: Black Ops II - Aqua Personalization Pack,234792
The Crowded Party Game Collection,618640
Pixel Cup Soccer 17,492340
Dead Rising 2 - Ninja Skills Pack,353050
Airport Simulator 2015,319780
Operation Sheep Defense,683890
FSX: Steam Edition - Nordborg Airfield Add-On,457083
FOR HONOR‚Ñ¢,304390
CRIMSON ROOM¬Æ DECADE,262510
Project G,465670
Roadworks Simulator,450570
Dungeons 2 - A Song of Sand and Fire,390180
ALÔΩ•FINE,545330
Guns and Robots - Veteran Pack,331890
AIRIS,628610
Pathfinder Adventures - A Fighter's Tale: Valeros,707240
WayOut 2: Hex,585950
Rememoried,368450
Wizardry 6: Bane of the Cosmic Forge,245410
HIVESWAP: Act 1,623940
OH! GUIDE!,464720
F1 Race Stars - Nautical Accessory Pack,220808
Murder In Tehran's Alleys 1933,630170
Chromadrome 2,378350
Freespace 2,273620
GameMaker Studio 2 UWP,585610
Domino Dungeon,718140
FSX Steam Edition: Toposim North Africa Add-On,536548
"Trouble Witches Origin,additional character : Cynfi",715740
Star Conflict: Fleet Strength - Razor,397121
Silent Hunter 5¬Æ: Battle of the Atlantic,48110
Expert Rifleman - Reloaded,383590
My Ex-Boyfriend the Space Tyrant,312970
Rebodied dia. 1/146 HTV 21t Coal Hoppers Wagon Pack,326010
"Calm Down, Stalin",502940
Yu-Gi-Oh! GX: Leaders,523511
Grand Ages: Rome - Reign of Augustus,23455
M.EXE,496510
Football Tactics,375530
Dungeon Manager ZV: Resurrection,677080
SEAL Team 12,312240
cloudphobia - OST,566340
Quote,432890
CivCity: Rome,3980
Metin2-Power Booster Pack,732410
Graviteam Tactics: Shield of the Prophet,326391
Sins of a Solar Empire¬Æ: Rebellion,204880
Dwarfs!?,35480
Altar Guardian,543770
ComiPo! Casual Wear,283550
FSX: Steam Edition - Augusta Airport (KAGS) Add-On,352189
Panzer Corps: U.S. Corps '43,452981
Code 7,650570
Notrium,349100
Caligo,629840
Just Cause 2: Agency Hovercraft,35090
Riaaf The Spider,647040
Never Alone (Kisima Ingitchuna),295790
Potentia,652530
Lucid9 - Soundtrack,578000
Void Destroyer,259660
Night in the Woods,481510
Vanquish,460810
"Maggie's Movies - Camera, Action!",691580
Blood and Bacon,434570
Bakery,746620
Êù±ÊñπÂ§©Á©∫Áíã ÔΩû Hidden Star in Four Seasons.,745880
Train Simulator: Class 57 Rail Tour Loco Add-On,208295
Electronic Super Joy: Groove City,301460
Top Trumps Turbo,343180
Orcs Must Die! 2 - Family Ties Booster Pack,201805
Toilet Tycoon,390220
12 is Better Than 6,410110
Flute Master,380100
Escapists 2 - Glorious Regime Prison,666350
The Seven Years War (1756-1763),400470
Expander,410470
Front Mission Evolved: Wanzer Pack 3,43014
AZURE STRIKER GUNVOLT OFFICIAL SOUNDTRACK,392670
"Gremlins, Inc. ‚Äì Original Soundtrack",459851
Caesar‚Ñ¢ IV,517810
Rytmik Lite Chiptune Synthesizer,432330
The Elder Scrolls IV: Oblivion¬Æ Game of the Year Edition,22330
Fallout New Vegas¬Æ: Gun Runners‚Äô Arsenal‚Ñ¢,72840
Sprinter,442260
Atriage,454780
Jettomero: Hero of the Universe,676480
Coniclysm,39900
Dying Light - White Death Bundle,748340
OMSI 2 Add-on Vienna,313420
Call of Duty: United Offensive,2640
Skara - The Blade Remains,274620
Red Rope: Don't Fall Behind,381880
Ride! Carnival Tycoon,12560
FIVE: Guardians of David,387010
Total Extreme Wrestling,344810
Attack of the Gooobers,677700
Call of Juarez‚Ñ¢,3020
Dream Car Builder,488550
Bleeding Border,416290
Angels with Scaly Wings - Digital Deluxe Edition Upgrade,573290
Three Dead Zed,291390
Euro Truck Simulator 2 - USA Paint Jobs Pack,304211
Champions of Anteria‚Ñ¢,374520
Virtual SlotCars,642730
panGEMic,547540
Fairy Fencer F ADF Veteran Fencer Accessory Set | ‰∏äÁ¥ö„Éï„Çß„É≥„Çµ„ÉºË£ÖÈ£æÂìÅ„Çª„ÉÉ„Éà | È´òÈöéÂäçÂ£´È£æÂìÅÂ•óÁµÑ,524591
Fiber Twig: Midnight Puzzle,550180
Clan of Champions - New Shield Pack 1,215310
Tennis Elbow Manager,528110
Null Vector,608110
Dungeon Escape,454100
Free Yourself - A Gravity Puzzle Game Starring YOU!,768820
Sacred 3. Orcland Story,261161
Witch Hunters: Full Moon Ceremony Collector's Edition,729950
On The Road,285380
Mugen Souls - Dreamy Weapons Bundle,403452
Garry's Mod,4000
Plexus,672250
Train Simulator: Southern Class 421 ‚Äò4CIG‚Äô EMU Add-On,208287
FSX: Steam Edition - Embraer ERJ 145LR Add-On,379566
Don't Starve Soundtrack,219750
Adventurer Manager - Endless Tower,348210
Finding Hope,481600
Sproggiwood,311720
RPG Maker MV - Medieval Warfare Music Pack,653727
Dogma,729970
GabeN: The Final Decision,403740
Guild Commander,337220
Mysteries of the Past: Shadow of the Daemon Collector's Edition,440870
The Secret Order 6: Bloodline,662190
Jamestown,94200
Crashlands,391730
Wars Across the World: Korea 1950,551912
The Electric Shocktopus,521300
Shn!p,664160
USFIV: Shoryuken Vacation Pack,308261
Watch Out,691860
Sengoku Jidai ‚Äì Field of Glory Renaissance Core Rules pdf,461930
Myrne: The Quest,589470
Alpha Prime,2590
Anno 2070‚Ñ¢ - Deep Ocean,204290
Magicka: Gamer Bundle,73057
Hunters Of The Dead,318570
American Truck Simulator - Arizona,463740
HELLDIVERS‚Ñ¢,394510
Lost Lands: Mahjong,435030
Hard Truck Apocalypse: Rise Of Clans / Ex Machina: Meridian 113,286810
Company of Heroes - Legacy Edition,4560
BM03 Vegalta Gold,464204
Wargame: Airland Battle,222750
Project Explore,357650
Nancy Drew¬Æ: Secret of the Old Clock,31880
Square Arena,486350
Luna and the Moonling,577360
Queen's Quest: Tower of Darkness,390200
Conclave,333990
Cho Dengeki Stryker All Ages Version,321190
Lords of the Fallen - The Arcane Boost,317203
Alpha Protocol‚Ñ¢,34010
Monster partner,701620
My Lands: Miner‚Äôs Luck - Starter DLC Pack,313311
First Strike: Final Hour,587000
Startide,598500
Princess Maker 2 Refine,523000
RFLEX - The Awesome Soundtrack,393650
One Against The Galaxy,755820
Hyperdevotion Noire: Ultimate Disc,426996
Warriors' Wrath,466420
Estranged: Act II,582890
Gladiator School,556860
Farming Giant,259910
Female #3 + Starter Pack for Arcane (pre)Raise,609793
Weable,683830
The Eyes of Ara Original Soundtrack,534930
Armello - Rivals Hero Pack,398917
PARKAN: THE IMPERIAL CHRONICLES,575690
FSX Steam Edition: Convair F-106 Delta Dart ‚Ñ¢ Add-On,491498
emoj.io - Faces #2 Pack,538534
Divergence: Online,422940
Train Simulator: Southern Pacific GP20 Loco Add-On,222571
Drunken Robot Pornography,209060
Lara Croft and the Temple of Osiris - Twisted Gears Pack,318875
Building Blocks / Master Builder of Egypt,625220
D√©j√† Vu II: MacVenture Series,343830
Kung Fu Panda: Master Chicken and Li,413810
Won't You Be My Laser?,508820
Learn Japanese To Survive! Hiragana Battle,438270
BANANO BROS.,723820
Panzer Corps Grand Campaign '41,279961
Fritz for Fun 13: Chessbase Power Play Tutorial v3 by Daniel King - Pawn Storm,517762
Woodle Tree Adventures,299460
Bleeding Blocks,400710
ArcaniA: Fall of Setarrif,65610
Pine Seekers,658710
The Dream Machine: Chapter 5,330260
Audials Radiotracker 12 - Upgrade to Audials One Suite,393690
Home Darkness - Escape,761640
DEFECTIVE,692590
Guardians of Victoria,385080
Meow-Jong,535910
You... and who else?,459640
Dreadnought Sol,722580
Ant War: Domination,406080
Enemy Front,256190
The Lady,341060
Street Legal Racing: Redline v2.3.1,497180
DRAGON BALL XENOVERSE GT Pack 1,344461
Legend - Hand of God,12630
ANKI,395380
Klabi,461140
BIT.TRIP RUNNER,63710
Super Meat Shooter - Happy Meat Winter,761231
SpellForce - Platinum Edition,39540
Two Digits,371330
Dream Tale,337450
FSX: Steam Edition - Piper PA-32R-301 Saratoga SP Add-On,355340
Goblin Harvest - The Mighty Quest,604060
RPG Maker MV - Time Fantasy: Winter Tiles,618663
Alien Storm,34315
aMAZE 3D,667300
Kombat Pack,347880
Sandra and Woo in the Cursed Adventure,619350
This Starry Midnight We Make,320090
DOA5LR Gust Mashup Swimwear Set,642720
Unmechanical,211180
Broken Sword: Director's Cut,57640
Hotline Miami 2: Wrong Number,274170
Townsmen,486540
Eschalon: Book I,25600
Pride of Nations: The Scramble for Africa,73195
planetarian HD,623080
Mystery Riddles,598620
Karma. Incarnation 1,394700
Veer,405530
Fair Strike,352120
Siege Wars,348340
GoNNER,437570
Pink Heaven,409690
Mover,733250
Paganitzu,358230
PLANETS OF WAR,656140
Behind the Memory,568340
Dark Storm: VR Missions,395150
Darwin's Demons,572020
Alter Ego,664780
Ubinota,323630
Tomb Raider IV: The Last Revelation,224980
Heroes of Issachar,305720
Divinity: Original Sin (Classic),230230
Pivot Puzzles,713830
Backgammon Blitz,395900
Into The Unknown,553130
Euro Truck Simulator 2 - Danish Paint Jobs Pack,347210
Hakuoki: Kyoto Winds Deluxe Pack / ËñÑÊ°úÈ¨º ÁúüÊîπ„ÄÄÈ¢®„ÉéÁ´†„ÄÄ„Éá„É©„ÉÉ„ÇØ„Çπ„Çª„ÉÉ„Éà / ËñÑÊ´ªÈ¨º ÁúüÊîπ„ÄÄÈ¢®‰πãÁ´†„ÄÄ‰∏ãËºâÂÖßÂÆπÂ•óÁµÑ,691140
Skyforge - Starter Booster Pack,546370
Street Fighter X Tekken: TK Booster Pack 4,210090
Color Sudoku,711190
March of the Eagles,227760
NBA 2K16,370240
Wanderland: Famous Adventurer Pack,700710
Rust,252490
Party Hard Remastered OST,554790
Hippo Sports,698480
White Day - Christmas Costume - Ji-Min Yoo,762350
The Room,288160
sZone - Bear Mask,572420
Choplifter HD - Ostrich Chopper,205170
Tales of Zestiria - Idolmaster Costume Set,382468
Card City Nights 2,241300
Domino Sky,457480
The Forgotten Forest,410050
FleetCOMM,367340
Chaos Drift,596530
PooSky - Halloween,741020
Train Simulator: Mighty Seddin Freight Route Add-On,562372
Beyond: Light Advent Collector's Edition,629080
SUPER ARMY OF TENTACLES 3: Summer Outfit Pack II: Shark Week,592812
Naval Action,311310
Train Simulator: Class 111 DMU Add-On,208366
Starr Mazer: DSP,462100
Islet Online,428180
Just Hero,527760
100% Orange Juice - Nath &amp; Tomato+Mimyuu Character Pack,573180
ZombieZoid¬Æ Zenith,403230
Drizzlepath,355760
Log Drive Runner,464040
Battlezone - All Skins Pack,623134
Guns'N'Zombies: N'Aliens,362110
Train Simulator: New Haven FL9 Loco Add-On,258642
Bug Killers,676720
Among the Sleep - Enhanced Edition,250620
Run The Gamut,489730
Arma 2: Private Military Company,65720
Boss 101,380920
Super Win the Game,310700
Games of Glory,342150
How to Take Off Your Mask - Theme Song,411730
Bloodbath,304150
Crimzon Clover WORLD IGNITION - Arranged Sound Track,358800
The Quest for Achievements,602940
Puzzler World,33650
Drift Horizon Online,491280
Lode Runner Legacy,628660
Disposable Heroes Soundtrack,389610
Danganronpa: Trigger Happy Havoc,413410
Out There: Œ© Edition - Soundtrack,357040
GASP,412400
Super LOH,533150
Arma 2,33900
Unhack - Original Soundtrack,343720
Hive Jump,295670
Super BoxMan Ultra,742340
Master of Orion,298050
BoX -containment-,479150
Ghost Blade HD,577910
The Occupant,717670
Steno Arcade,449000
Mystic Journey: Tri Peaks Solitaire,615340
DROD: Smitemaster's Selection Expansions 5+6,422192
Minimized,521930
Train Simulator: Metro-North P32 AC-DM 'Genesis' Loco Add-On,258655
Pirate Pop Plus,487350
Construction Simulator 2015: Liebherr LB 28,359781
Wild RTS,753140
Electric Circuit,360850
C2H6O,714350
AZURE PHOSPHORESCENCE,396990
JYDGE,654050
Ashes,654710
The Inner Sea,443700
Shantae: Risky's Revenge - Director's Cut,277890
BASEBALL STARS 2,366230
Sociable Soccer,636690
Hikaru's Cube,713550
MorphVOX - Voice Expansion Pack,277720
Wells,528430
"Rock, Ken, Bo",619480
Cube Link,681620
Victim of Xen,300220
Hive,251210
Spellforge,489080
Heroic Dungeon OST,680720
Monsterland,406920
Party Hard - Dark Castle,530180
Rescue Team 5,416320
Zombasite - Orc Schism,730750
Knight Online,389430
Breaking Good,682780
SUPER ARMY OF TENTACLES 3: OUTFITS COLLECTION,592813
Aveyond 3-4: The Darkthrop Prophecy,321890
Maximum Archery The Game,513680
Diving Trunks,660040
Rocksmith - Avenged Sevenfold - Nightmare,206176
Arma 2: Army of the Czech Republic,33934
Unreal Tournament 2004: Editor's Choice Edition,13230
Wild Unknown,592570
Of Guards And Thieves,302590
B A S E M E N T,722010
Marvel vs. Capcom: Infinite - Captain America Gladiator Costume,721109
Baldur's Gate: Siege of Dragonspear,385970
West of Loathing,597220
Marvel vs. Capcom: Infinite - Black Panther,721101
The Last Door - Collector's Edition,284390
FINAL FANTASY¬Æ XIII,292120
"Warhammer 40,000: Space Marine - Emperor‚Äôs Elite Pack",55340
Hard West - Printable Posters,736750
Quest of Dungeons,270050
Revenge of the Titans,93200
No Lights,682910
Axis Football 2017,554750
YOBA,688690
Train Simulator: CrossCountry Class 220 'Voyager' DEMU Add-On,258679
Shut Up And Dig,414070
Sublevel Zero Redux - Soundtrack,405460
Kimmy,600660
Magic 2013 ‚ÄúCrosswinds‚Äù Deck Key,97378
String Theory,402150
Jabba's Palace Character Pack,466542
Sad City 42,771130
Metal Noise,520810
GTR 2 FIA GT Racing Game,8790
1bitHeart Original Soundtrack,689920
Diesel Guns,355400
Memoir '44 Online,108210
Last Stonelord,641950
Nomad Fleet,371010
Clergy Splode,403900
Immortal Empire,344190
Super Dungeon Bros,306000
Mercury: Cascade into Madness,661120
Space Pilgrim Episode I: Alpha Centauri,429470
Star Hammer: The Vanguard Prophecy,337680
COH 2 - German Skin: (M) Winter Ambush Pattern,231487
Lew Pulsipher's Doomstar,504750
Fable Fortune,469830
Subterra,521590
ESSENCE Soundtrack,640360
Binaries,435800
Escape from here,722220
Retro Football Boss,511790
FourChords Guitar Karaoke,476930
Simple Spy,477950
Centauri Sector,355810
Gunpowder,375170
Advanced Tactics Gold,310390
Stunt Toys,597720
Return NULL - Episode 2,402680
Alien Shooter 2 Conscription,211010
Call of Duty¬Æ: Black Ops,42700
Glitch Simulator 2018,702090
Savant - ZION (Soundtrack),657361
Huedango,687390
FSX: Steam Edition - ERCO Ercoupe 415C Add-On,379582
Cue Club 2: Pool &amp; Snooker,366690
FSX Steam Edition - Night Environment: New Jersey Add-On,500204
JotMW: Cat and Children Jewel Match,745440
DOA5LR Shrine Maiden Costume Set,614020
Mafia III: Stones Unturned,598021
The Secret Of Hildegards,283470
TS Marketplace: Barnum Coaches Pack 01 Add-On,513090
Wimp: Who Stole My Pants?,331570
Labyrinth,412310
Lazer Cops,624050
Disney Alice in Wonderland,316030
Battlefield: Bad Company 2 Vietnam,47880
Train Simulator: Rebuilt Bulleid Light Pacific Steam Loco Add-On,500214
Overruled!,297740
Doorways: The Underworld - Movies,526562
Flight Sim World: Curtiss P-40F Warhawk Add-On,630916
Blinding Dark,303870
R.B.I. Baseball 16,407690
The Sexy Brutale,552590
SoulFrost Original+Arranged SoundTrack,690880
Sniper Ghost Warrior 3 - The Escape of Lydia,495950
Guilty Gear Isuka,267900
Alien: Isolation: - Lost Contact,282515
Bears Can't Drift!?,338040
Dangerous Relationship,494460
TS Marketplace: Zags Pack 01 Add-On,513108
Emberdoom,476670
Street Fighter X Tekken: M.Bison (Swap Costume),210046
ROKH,462440
FSX Steam Edition: Beechcraft¬Æ Duchess 76 Add-On,556210
Edge of Space,238240
Waste Walkers,371100
AquaNimble - Soundtrack,527410
I and Me,399600
Valentino Rossi The Game,438430
Happy Neighbors,729980
Wheely,548330
Ghostlight Manor,559250
FSX: Steam Edition - Kilimanjaro Airport (HTKJ) Add-On,379550
FreeStyleFootball - Starter Pack,583110
Jump Gunners,697660
Super Man Or Monster,393220
iso-Sphere,414060
Zombie Pinball,458510
Immortal Empire - Adventurer Pack,465832
8bit Invasion,717370
Loot Hero DX,294040
Foosball - Street Edition,280830
Sleeping Dogs: Martial Arts Pack,202191
Trove,304050
"""Glow Ball"" - The billiard puzzle game",388390
Totemori,588180
Sphere Complex,550600
Hexcells Infinite,304410
Masquerada: Songs and Shadows,459090
Train Simulator,24010
The Magical Silence,474820
Acceleration of SUGURI X-Edition HD,265170
Killing Floor 2,232090
DRAGON QUEST HEROES‚Ñ¢ Slime Edition,410850
Princess.Loot.Pixel.Again,414290
Content Pack - Europa Universalis IV: Rights of Man,486571
Max Payne 3,204100
Duelyst,291410
Blackbay Asylum,313140
Rocket Riot,460190
Redemption Cemetery: The Island of the Lost Collector's Edition,631280
Natural - Beyond Nature -,545400
Rocksmith - Queen 5-Song Pack,206148
Aliens Go Home Run,514340
Achievement Hunter: Overdose,674110
Awesomenauts - Jotunn Sk√∏lldir Skin,319821
NORTH,461890
Particle Fleet: Emergence - Corporate Bonus,547070
SCHAR: Blue Shield Alliance,342240
Tetris¬Æ Ultimate,316750
Malfunction,666910
Tabletopia - Champions of Midgard: Valhalla,414234
Rocksmith - The Vines - Get Free,222112
Blossoms Bloom Brightest - Kotoha Daki,624281
Hero Academy,209270
FSX Steam Edition: North American XB-70 Valkyrie‚Ñ¢ Add-On,491495
Gold Rush! Anniversary Special Edition Upgrade,328690
Rugby Challenge 3,370840
Great Northern Wagon Pack Add-On,275139
RPG Maker VX Ace - DS Resource Pack,229754
We Are Chicago,414330
Savage Resurrection,366440
TRI: Of Friendship and Madness,293660
Shiny The Firefly,277510
Save the Furries,325110
Devilian - Complete Pack,498222
Battlezone - Classic Camo (Skin),594450
Alien Attack: Zero,601690
Sphinx and the Cursed Mummy,606710
Endless Space¬Æ 2 - Stellar Prisoner Update,751840
Reaching for Petals - Official Soundtrack,704610
Castle of Shikigami ÂºèÁ•û„ÅÆÂüé - Soundtrack,630380
Lords of New York,404070
Systematic Immunity OST,477830
Space Rift NON-VR - Episode 1,552550
Trapper Blood Eagle Skin Pack,341848
FSX Steam Edition: Night Environment: Spain Add-On,622356
Train Simulator: Pacific Surfliner¬Æ LA - San Diego Route,222606
Monster Truck Destruction,324760
F.E.A.R. 3,21100
Dolguth,391190
Moira's Urban Ninja Costume,320361
Counter-Strike Nexon: Zombies,273110
Delve Deeper,63800
JetFly,683810
Slimebrawl,690000
Toto Temple Deluxe,342920
Awesomenauts - Battle Nibbs Skin,351460
Love Engine,574170
Naval Warfare,98500
Anomaly Warzone Earth Mobile Campaign,252170
Rumble,409630
Banished,242920
Infested Planet,204530
King of Dragon Pass,352220
Nimble Bunn,717450
Wyrmsun: Frankish Faction Flair Pack,445340
Arma 3,107410
Sniper Elite 3 - Axis Weapons Pack,305185
LEGO¬Æ MARVEL's Avengers Season Pass,426860
Yorkshire Gubbins,716650
Romance of the Three Kingdoms ‚Ö¢ / ‰∏âÂúãÂøó‚Ö¢,521710
Dinosaur Forest,506730
Coffin of Ashes,546080
Astro Tripper,110600
Conduct DELUXE!,737870
Ratty Catty,610380
GiAnt,434930
12 Labours of Hercules II: The Cretan Bull,360640
Unearthing Colossal,428590
RPG Maker MV - Dignified Fantasy: Vol. 1,653724
Honey Rose: Underdog Fighter Extraordinaire,523680
Spirit of Revenge: Cursed Castle Collector's Edition,551160
Naev,598530
Echo Nine,652140
Sang-Froid - Tales of Werewolves,227220
The Sims‚Ñ¢ 3 Master Suite Stuff,47931
Virtual Battlemap DLC - Modern Town,642590
Rusty Lake Hotel,435120
Space Wrangler,697490
Saints Row IV - Wild West Pack,247294
Tower!3D Pro - KPHX airport,767260
Hollywood Visionary,365210
Boom Island,717820
Geocore,355190
Farming Simulator 2011,90200
Eternal Champions‚Ñ¢,34288
BLACKHOLE: Original Soundtrack,445920
Insane Road,648260
War for the Overworld - Crucible Expansion,492690
Shepherds of the Abyss,438300
Platypus,307340
Two Worlds II - Echoes of the Dark Past,502970
Ys I &amp; II Chronicles+,223810
Pan-Pan Soundtrack,508270
Spy Chameleon - RGB Agent,297490
Nakiti Generations,512120
Atom Universe,394120
Killer Instinct - The Complete Soundtrack,720530
Cursed Castilla (Maldita Castilla EX),534290
Build-A-Lot 2: Town of the Year,38090
Marvel vs. Capcom: Infinite - Chris Classic Costume,721143
EVE Online: 110 PLEX,629790
"Magic 2013 ""Act of War"" Foil Conversion",208834
"World of DASM, DASM Spell Quest",543910
European Ship Simulator,299250
Tropical Fish Shop 2,451350
League of Light: Wicked Harvest Collector's Edition,623470
Skullgirls: Big Band,245175
The Oil Blue: Steam Legacy Edition,386700
War for the Overworld - The Cynical Imp (Charity DLC),385120
Achievement Hunter: Alien,760100
Flywrench,337350
Stronghold Crusader 2,232890
Hitman: Absolution: Agency Jagd P22G,216411
Scrap,727280
VERLIES II,371220
The Juicer,400790
Puzzle Kingdoms,23700
Hyperdevotion Noire: Ultimate Little Rain Set,427003
Super Arcade Football,420550
Operation KREEP,446050
Crusader Kings II: Dynasty Shield III,226664
NOLA is Burning,752810
Picross Touch - Donation Level 3,644962
Holy Potatoes! What the Hell?!,664320
Splice: Epilogue Soundtrack,209801
Isotiles - Isometric Puzzle Game,654440
Steel Storm: Forgotten Prison DLC,202652
Fallout 3 - Point Lookout,22440
Seduce Me 2: The Demon War,461700
Stellar Impact - Support Ship DLC,207166
Machine Made: Rebirth,485390
Valkyrius Prime,493670
Armello - Usurpers Hero Pack,398913
Oik 3,655100
Tom Clancy's Ghost Recon Future Soldier - Season Pass,2028055
Desperados: Wanted Dead or Alive,260730
Farm Frenzy 4,296220
Deficis,377220
Magic 2013 ‚ÄúGoblin Gangland‚Äù Foil Conversion,97369
Lovely Planet,298600
Spartan,685050
Castle of Illusion,227600
Pharaoh Rebirth+,441280
Luna,666810
Deus Ex: Mankind Divided‚Ñ¢ DLC - Season Pass,470070
MotoGP‚Ñ¢14 Red Bull Rookies Cup DLC,297980
Putt-Putt¬Æ Travels Through Time,294670
Breaking Bones,560570
The Crow's Eye - Soundtrack,585730
Farming Simulator 15,313160
Motorsport Manager - Livery Pack,551810
Bonny's Adventure,620310
X-Plane 10 AddOn - Aerosoft - Airport Amsterdam,315010
Disney's The Jungle Book,561110
Sniper Elite 3 - Eastern Front Weapons Pack,305186
Grim Tales: The Bride Collector's Edition,527900
Steel Rain - Expeditions,672800
GGXrdR Character Colors Pack,550334
Vidar,355370
Talisman - Character Pack #1 - Exorcist,258813
Amelon,763210
Box Maze - Cubert Friends Skins Pack,532050
Tower!2011:SE - Key West [KEYW] Airport,662150
Feed the Animals,749900
Dark Canvas: Blood and Stone Collector's Edition,723910
The Deed: Dynasty,460960
Road Not Taken,293740
Brushwood Buddies,434820
Baseball Riot,567660
Hurricane,503240
Space Hulk Ascension - Dark Angels,347981
Brick-Force,335330
Attempt[42],562520
Ghost Pirates of Vooju Island,344030
Pixel Puzzles Ultimate - Puzzle Pack: Dolphins,591498
Train Simulator: InterCity Class 91 Loco Add-On,222625
TIMEframe,340270
MX vs. ATV Supercross Encore - Supercross Track Pack 3,421161
R.B.I. Baseball 15,329610
Project 5: Sightseer,655780
DOA5LR Alluring Mandarin Dress Set,587170
RPG Maker MV - Medieval Music Pack,525283
Act 3 Soundtrack,371870
Goo Saga,506830
Risen 2: Dark Waters - Air Temple DLC,40393
Dream Of Mirror Online,335820
Slizer Battle Management System,673620
Wild Warfare,312150
Freefall,620280
Tiny Guardians - Alternative Appearance Bundle,448270
Driftland: The Magic Revival,718650
Let's Sing,268260
SKIMMERZ,717000
Tooth and Tail,286000
Voxel Turf,404530
Blitz Breaker,416110
Fortix 2,45450
Queen's Quest 3: The End of Dawn,589690
Guitar Hardness,694470
CoH 2 - German Commander: Lightning War Doctrine,231465
Legends of Iskaria: Days of Thieves,664530
Crisis in the Kremlin,599750
Dust: An Elysian Tail,236090
The Crew‚Ñ¢ Season Pass,315396
Militia,421260
Farm Frenzy,38120
SKIPCHASER,508410
Deep Black: Reloaded,204760
Half-Life 2: Update,290930
Midnight's Blessing 2,461370
RymdResa,269690
MXGP3 - Additional Tracks,607250
Azurea Juncture,557860
Box Out!,356110
Adventures Of Pipi,744420
Divine Souls F2P MMO,300040
The Deed,420740
Juniper Theory,564140
Dark Void‚Ñ¢ Zero,45730
TS Marketplace: Loadhaul CEA Covered Hopper Wagon Pack,326014
iBomber Attack,218660
Doomed'n Damned,383810
Milkmaid of the Milky Way - Soundtrack,579960
LOGistICAL: Italy,693650
Legend of Hand - Collector's Extras,714830
Rocksmith - Megadeth - Symphony of Destruction,206099
Killing Floor - Steampunk Character Pack 2,35429
Crappy Day Enhanced Edition,636700
White Day - Fashionable School Uniform - Sung-A Kim,688290
Alpha Kimori‚Ñ¢ 1,265870
NASCAR Heat 2 - October Jumbo Expansion,728460
Pharaonic,386080
Paul Pixel - The Awakening,569050
The Lost Heir 2: Forging a Kingdom,439750
Labyrinth - Starter Pack,641450
Concursion - Steam Exclusive Music,305370
Incitement 3,391660
The Black Watchmen - Original Soundtrack,379750
Spellcrafter,315680
Thief: Deadly Shadows,6980
Sonic Generations - Casino Nights DLC,200590
Mass Effect,17460
Seinarukana -The Spirit of Eternity Sword 2-,445430
Big Brain Wolf,35600
Rocket League¬Æ - Triton,457190
HoD: On open seas,386330
GTR - FIA GT Racing Game,44600
NightCry,427660
Ant Queen,491090
Chivalry: Deadliest Warrior,241280
Blackguards,249650
Elizabeth Find M.D. - Diagnosis Mystery - Season 2,33790
Meridian: Squad 22,451400
This Book Is A Dungeon,404690
King's Bounty: Legions | Beast Master Pack,264680
Half-Life 2,220
Antisphere,489570
Freestyle 2: Street Basketball,339610
Elven Legacy: Siege,42940
Zaccaria Pinball - Space Shuttle Table,478044
Monstrum - Original Soundtrack,385870
The Music Machine,359040
Train Simulator: GWR Class 14XX Loco Add-On,277745
Virtual Families,16200
Colony,509450
Abducted,299580
LOGistICAL: British Isles,684940
Season Match,320630
Warlock 2: The Thrilling Trio,320720
Killing Floor - Golden Weapons Pack,210938
Trino,42000
Broken Sword 5 - the Serpent's Curse,262940
SLIDE: platformer,375870
Nation War:Chronicles,669320
Princess Battles,352740
Wildlife Camp,338630
Borderlands 2: Headhunter 1: Bloody Harvest,245890
Kaiju-A-GoGo: Plant Zombie Shrubby Skin,393990
Organ Trail: Director's Cut,233740
Devilian,407510
BattleCore Arena,689570
Super Robot Jump Jump,422980
Grow Up,426790
Bouncy Bob - Soundtrack,739160
Starship Annihilator - Soundtrack,529400
Pixel Zombie,749220
Luxor: Amun Rising HD,216930
Rock-N-Rogue: A Boo Bunny Plague Adventure,439530
The Stanley Parable,221910
Rise of Flight: Legendary Bombers,244065
Cradle - Soundtrack &amp; Artbook,380710
Wander No More,463020
Gnomes Garden 3: The thief of castles,546200
Deadly Sin,354730
Secrets of Arcadia,681190
Revenge Quest,569130
Captain Morgane and the Golden Turtle,264320
Pixel Puzzles Ultimate - Puzzle Pack: Da Vinci,509520
Lilly and Sasha: Guardian Angels,383520
Polygoneer,684680
FSX Steam Edition: Night Environment: Dubai Add-On,602816
Unearthed: Trail of Ibn Battuta - Episode 1 - Gold Edition,263680
Dinosaur Hunt - Guns Expansion Pack,434941
Rock 'N' Roll Defense,438480
Sword of the Stars: Complete Collection,42890
Gold Rush In The Oort Cloud,661530
Raiden III Digital Edition,315670
YOU DON'T KNOW JACK Vol. 1 XL,252730
"Warhammer¬Æ 40,000: Dawn of War¬Æ II Chaos Rising",20570
Additional Character Color - Eclipse (for Answer&amp;Baiken),631554
"BLUE REFLECTION - Vacation Style Set D (Sanae, Ako, Yuri)",688271
The Hateful Dead,526510
Tricky Trail RC,550870
Call to Power II,572050
Cloudberry Kingdom‚Ñ¢,210870
Assassin‚Äôs Creed¬Æ III - The Tyranny of King Washington: The Redemption,227132
Antisquad,268200
Fiesta Online NA,300970
Pony Island - Soundtrack,428010
Steam: Rails to Riches,595930
Call of Duty¬Æ: Advanced Warfare - Extra Create A Class Slots,343610
BRINK,22350
Invisible Apartment 2,401200
S.O.R.S,374620
Fallen Earth Free2Play,113420
Game of Thrones,208730
Rustangelo PRO (Ultimate),528330
Tom Clancy's EndWar‚Ñ¢,21800
Bad Sector HDD,531910
DRIFT 84,381800
Doorways: The Underworld - Artbook,526560
the static speaks my name,387860
MotoGP‚Ñ¢15 Red Bull Rookies Cup,392420
Dead Rising¬Æ 2,45740
Evil Orbs,528420
Your Smile Beyond Twilight:ÈªÑÊòè‰∏ãÁöÑÊúàÂè∞‰∏ä,653950
Chicken Invaders 3 - Easter Edition,378621
Ashes of the Singularity: Escalation - Juggernaut DLC,649310
Front Mission Evolved: Last Stand,43006
Train Simulator: Liverpool-Manchester Route Add-On,258653
Elementary My Dear Majesty!,343390
Jet Set Radio,205950
King's Bounty: Legions | True Tactician Ultimate Pack,264683
Freedom Force vs. the Third Reich,8890
TransOcean: The Shipping Company,289930
! That Bastard Is Trying To Steal Our Gold !,449940
Galaxy Admirals,411120
Rage Quest,709290
Chime,62100
Dream Chamber,391590
it's always monday,558660
Direct Hit: Missile War,314760
Rocksmith - Europe - The Final Countdown,206166
Slash or Die,480480
Bloodline Champions,6370
NeuroVoider,400450
Elven Legacy: Ranger,42950
Super Mixtape,486660
Magical Mysteries: Path of the Sorceress,548320
Don't open the doors!,533950
Crusader Kings II: Military Orders Unit Pack,226668
UBERMOSH:BLACK,444940
Saints Row: The Third - The Trouble with Clones DLC,55382
S.K.I.L.L. - Special Force 2 - Specialist Pack,641020
Tesla Breaks the World!,314210
Aerofly FS 2 - Orbx - Monterey Regional Airport,771830
Memoria,243200
M.A.C.E.,555280
WildStar: Jumpstart Pack,522500
Rhombs,717900
AVSEQ,207670
Dominions 4: Thrones of Ascension,259060
Scrap Mechanic,387990
Sanitarium,284050
Crawlers and Brawlers,462860
Autumn,473520
Iron Sky Invasion: Deluxe Content,547430
Reflex,745740
Fruit Sudokuüçâ,597110
Forestry 2017 - The Simulation,273800
The I of the Dragon,279720
Deponia Doomsday,421050
Tales of Berseria‚Ñ¢ - Adventure Item Pack 5,565250
Puzzle Bloc Invasion,653100
Time of Fury,303910
Geometry Wars: Retro Evolved,8400
FreezeME,390210
S√©bastien Loeb Rally EVO - Season Pass,411510
Lucidity‚Ñ¢,32410
Incursion The Thing,549670
Defend Your Kingdom,653780
Dresden Files Cooperative Card Game - Helping Hands,661311
The Living Dungeon,362290
A City Sleeps‚Ñ¢,316180
The Troma Project,279640
Gun Brothers,514410
Machina of the Planet Tree -Planet Ruler-,383960
The Hat Man: Shadow Ward - Soundtrack,475460
Day D - Ice Age,464680
Vision Runner,429480
Luxor: 5th Passage,60340
Disney's Chicken Little: Ace in Action,338300
Virtual Battlemap Commercial License,503880
Rocksmith - Violent Femmes - Blister in the Sun,222101
Rothschild: The Sheep Will Wake,413490
SPACE BATTLE: Humanity,661970
Where Are My Friends?,721350
Wildilfe Park 3 - Alaska,602460
Rocksmith - Rush - Red Barchetta,222042
Incorp Inc,567200
NOBUNAGA'S AMBITION / ‰ø°Èï∑„ÅÆÈáéÊúõ,544990
The Apotheosis Project,364350
Endless Reality,688900
Á∫¢Áü≥ÈÅóËøπ - Red Obsidian Remnant,610960
"BLUE REFLECTION - Sailor Swimsuits set C (Lime, Fumio, Chihiro)",688243
LOGistICAL - USA - California,638810
Train Simulator: B&amp;O Kingwood Branch: Tunnelton - Kingwood Route Add-On,448198
Brick-Force: Starter DLC,338882
Secrets of Magic: The Book of Spells,453780
Megadimension Neptunia VII Swimsuit Pack,476864
gShift,396730
FEMINAZI: The Triggering Soundtrack,596960
sZone - Rabbit Mask,572390
Magic 2013 ‚ÄúPeacekeepers‚Äù Deck Key,97372
Alan Wake,108710
Steam Heroes,341160
Hyperdevotion Noire: Ultimate Ai Masujima Set,426992
1812: The Invasion of Canada,555370
Sniper Elite 3 - U.S. Camouflage Rifles Pack,326430
Space Xonix,382270
Pure Mind,746800
Call of Cthulhu: Shadow of the Comet,389470
FLAMBERGE,355420
Battle Islands: Commanders - Exclusive E3 Crate,639050
A Blind Legend - Original Soundtrack,528630
Omega Quintet: Overwhelming Outfits Pack,714331
3..2..1..Grenades!,504090
Train Simulator: First Capital Connect Class 321 EMU Add-On,222623
The Wild Eight,526160
Madballs Scorched Evolution Skin Rollup,25763
Jack's Gang,607270
Hired Ops,374280
Energy Cycle,415960
Where's My What?,531860
Stealth Bastard Deluxe - The Teleporter Chambers,209202
Auditorium,205870
SHOGUN: Total War‚Ñ¢ - Collection,345240
Barter Empire,346160
Intake,237760
Epic Snails,607460
JDM Tuner Racing,488210
Kagura Douchuuki,378790
Chess Ultra Easter Island chess set,639000
Against the Gradient,664660
"Warhammer 40,000: Dawn of War II - Retribution Chaos Space Marines Race Pack",56431
Mecho Tales,714840
Realm of the Madgod: Halloween Pack,548380
WildStar: Hero Pack,459361
Knights of Pen and Paper 2 - Here Be Dragons,420640
Hardcore Survival,709250
Twilight Phenomena: The Lodgers of House 13 Collector's Edition,609340
RESCUE 2: Everyday Heroes,339210
DIG IT! - A Digger Simulator,311910
Antihero Oliver Character,652491
Hotline Miami,219150
Discouraged Workers - MOD Creator Development Kit,407760
Shards of Azuria,498340
Call of Duty¬Æ: Ghosts - Unicorn Pack,295435
Magnetized,536470
Lord of the Dark Castle,349460
Bloody Streets - Soundtrack and Art Book,354300
WAKFU - Anathar Pack,381671
Spriter: Game Effects Pack,333770
Kalimba,324140
Guards,460340
EVE: Valkyrie ‚Äì Warzone x24 Gold Capsule,708523
Wild Animal Racing,389510
Run For Rum,307560
Knossos,666790
ATV Quadracer Ultimate,502350
Super Space Pug,466840
Nuts!: The Battle of the Bulge,431680
RPG Maker VX Ace - Ancient Dungeons: Winter,721051
FSX Steam Edition: B-47 Stratojet‚Ñ¢ Add-On,491494
SweatShop,496680
Steep‚Ñ¢ - Season Pass,564360
Tally Ho,763930
Reflecting Fate,644160
Age of Fear 3: The Elementalist Expansion,688460
Mold on Pizza üçï,387870
StockUp,713100
Pixel Sand,584880
Blockara,652090
Final Quest,512640
MC Lars: The Video Game,541160
Hate Plus Original Soundtrack,257290
Loren The Amazon Princess,257970
Risk,227920
Crazy Scientist,709780
Spheroid,399100
"Pirates, Vikings, and Knights II",17570
Crankies Workshop: Whirlbot Assembly,707370
Crazy Machines 2: Happy New Year DLC,202452
Robot Shield,628400
Arcane Sorcery,397870
M1: A Death in the Desert,675530
Falcon 4.0,429530
The Franz Kafka Videogame,392280
A Stroke of Fate: Operation Valkyrie,10240
VIOLET: Space Mission,435780
Pinball FX3 - Portal ¬Æ Pinball,657430
The Legend of Heroes: Trails of Cold Steel - Handy Accessories Pack,605331
Project CARS 2 Season Pass,648301
Dean Daimon,722050
Hard Reset Redux,407810
MidBoss Original Soundtrack,644360
Cranky Cat,236290
Minecraft: Story Mode - Adventure Pass,456630
Far Cry¬Æ Primal,371660
Bebop and Tempo,628560
Trackmania¬≤ Lagoon,600720
Kult: Heretic Kingdoms,277650
Save the Creatures,411860
Tanki X: Steam Pack,754630
Mugen Souls - Ultimate Unlock Bundle,403456
Double Clue: Solitaire Stories,631250
Pneuma: Breath of Life,347440
EVE Online: 1 Month Omega Time,695740
Elisa: The Innkeeper - Prequel,472680
12 Labours of Hercules,342580
NEONomicon,614960
Dead Rising 4 - Super Ultra Dead Rising 4 Mini Golf,593055
Rot Gut - OST,465691
Dignified Fantasy Music Vol.1,525471
Block Legend DX,345640
Storms of Shambhala,686580
Vertical Strike Endless Challenge,313390
Expeditions: Viking,445190
FINAL FANTASY XIV: Stormblood,582380
Yukie: A Japanese Winter Fairy Tale,352810
Wargame: European Escalation,58610
TS Marketplace: Feather River Canyon Scenario Pack 01,376957
Space Epic Untitled - Season 1,613800
AIPD - Soundtrack,394040
LEGO¬Æ Pirates of the Caribbean: The Video Game,311770
Fabulous - Angela's Fashion Fever,540060
Psychonauts Original Score,3839
DoDonPachi Resurrection BLACK LABEL Arrange Mode Album,550382
Creeper World 3: Arc Eternal,280220
Sacra Terra: Angelic Night,344440
Cossacks: European Wars,4880
Grave Mania: Undead Fever,465970
Call of Duty¬Æ: Black Ops II - Paladin Personalization Pack,234786
Galaxy Annihilation,673230
FSX Steam Edition: Pilatus PC-9/A Add-On,500208
Hyperdevotion Noire: Ultimate Wyn Set,426997
Story of the Survivor : Prisoner,676210
Blue-Collar Astronaut - OST by Charlie Armour,616600
SCS deORBIT,337700
Bullet Life 2010,473800
Renegade Tabletop Tools System,760970
Stormworm+,449240
Furious Angels,551450
Memento Mori 2,237970
Aerofly FS 1 Flight Simulator,214130
Farkle Friends,709590
Audition Online,349720
VS Round 1,725550
On My Own,351730
Dark Shadows - Army of Evil,280640
The Last Warlock,385060
Dark Parables: Queen of Sands Collector's Edition,678440
Hyperdimension Neptunia Re;Birth2 Additional Content Pack 3 / „Ç≥„É≥„ÉÜ„É≥„ÉÑËøΩÂä†„Éë„ÉÉ„ÇØÔºì,354466
Assassin‚Äôs Creed¬Æ Brotherhood,48190
Secret of the Magic Crystals - Dress Up,321421
Content Pack - Crusader Kings II: Conclave,394321
FPV Air Tracks,461680
ArchRobo - Robotic Annihilation,692110
Trials Fusion - After the Incident,355770
Call of Duty¬Æ: Black Ops III - C.O.D.E. Valor Calling Cards,470190
Battle High 2 A+,755590
Cinders,293680
Zeus + Poseidon,566050
Superdimension Neptune VS Sega Hard Girls - Segami's Astral Brave| ÁÄ¨Ë≥ÄÂàùÁæéËøΩÂä†„ÇØ„É©„Çπ„ÄéÊàë„ÅåÈÅì„ÇíË°å„ÅèËÄÖ„Äè | ÁÄ®Ë≥ÄÁæéÁöÑ„ÄåËá™Ë°åÂÖ∂ÈÅìËÄÖ„Äç,620745
Dodge Master,567430
I Can't Believe It's Not Gambling,733990
Finnish Roller,585560
Castle Explorer - The Dark Below,694380
Descent - Silence of Mind,652600
Chevo Lurker: Exodus,712010
ZOMBI,339230
The Exiled,332650
Of Orcs And Men,216910
Deserts of Kharak Expedition Guide,433240
The Jackbox Party Pack 3 - Soundtrack,577810
Journey of a Roach,255300
Grand Theft Auto: Episodes from Liberty City,12220
NARUTO SHIPPUDEN: Ultimate Ninja STORM 3 Full Burst HD,234670
Thomas Was Alone,220780
Momodora: Reverie Under the Moonlight OST,449360
Big Journey to Home - Official Soundtrack,390630
Car Mechanic Simulator 2015 - Maserati,434901
X-Blades - Soundtrack,604290
Bulletstorm: Full Clip Edition,501590
Depopulation,718210
Dog Theatre,667880
Escargot Kart,488070
Arizona Rose and the Pirates' Riddles,537760
Sleep Attack,366210
Crankies Workshop: Lerpbot Assembly,705430
Lectrovolt II,518140
Choice of Zombies,675180
AF-ZERO,744280
COLOR RETRO RACER : TRIALS MODE *6 Lifes*,768856
Rooftop Cop,353300
RIFT Starter Pack,602450
Cubesis,318440
Riders of Icarus: Legendary Ranger's Fury Package,565002
Lethal RPG: War,385590
Airships: Conquer the Skies,342560
Kuraburo Kai,500760
Void Wisp,664110
9Dragons,390100
TRIP Steam Edition,341540
Team Four Star RPG,712390
Star Explorers,502720
Warlock Revenge,723500
Sigils of Elohim,321480
Siralim 2,464620
Heldric - The legend of the shoemaker,293420
Woolfe - The Red Hood Diaries,281940
Far from Noise,706130
Candlelight,451200
Magic 2014 ‚ÄúEnter the Dracomancer‚Äù Deck Key,213894
Tales of the Elements FC,540640
Awesomenauts - Party Boy McPain Skin,256502
Outer Rim,604640
Car Mechanic Simulator 2015 - Youngtimer,361820
Super Street Fighter IV: Arcade Edition - Complete Challengers 1 Pack,45795
Steel Armor: Basra 86,399860
Red Planet: Survive,498630
Defenders of Ekron,670060
Ride 2 Free Bikes Pack 3,563790
"That Dragon, Cancer",419460
Cludbugz's Twisted Magic,683570
"BLOCK WARRIORS: ""Open World"" Game",704210
The Last Tree,605210
Expansion - Europa Universalis IV: Conquest of Paradise,241369
GGXrd Extra Color Palettes - POTEMKIN,419946
Notch - The Innocent LunA: Eclipsed SinnerS,325120
Call of Duty¬Æ: Advanced Warfare - Aces Personalization Pack,343598
Crimzon Clover WORLD IGNITION,285440
"Axe, Bow &amp; Staff",432230
Scarlett Mysteries: Cursed Child,615350
Robbery Bob: Man of Steal,372960
Mistwood Heroes,573210
Assetto corsa - Japanese Pack,467980
"Magic 2013 ""Berserker Rage"" Deck Key",208837
Zaccaria Pinball - Strike Table,478054
Unity of Command - Red Turn DLC,218100
HitBox,341890
Chip's Challenge 2,348300
Next Car Game: Wreckfest,228380
Heliborne - Civil Aviation Camouflage Pack,730480
Zombie Solitaire 2 Chapter 2,623170
Space Rangers HD: A War Apart,214730
Fairy Fencer F ADF Fairy Set 3: Lars and Foxer | Â¶ñËÅñ„Çª„ÉÉ„ÉàÔºì„Äé„É©„Éº„Çπ„Äè„Äé„Éï„Ç©„ÇØ„Çµ„Éº„Äè | Â¶ñËÅñÂ•óÁµÑÔºì„ÄåÊãâÊñØ„Äç„ÄåÂºóÂÖãÊ≤ô„Äç,524596
Klondike Solitaire Kings - Money Cat,748280
Data Hacker: Reboot,331790
Soldier of Failure,727390
Áåé‰∫∫Áâ©ËØ≠,695650
Darkness and Flame: Missing Memories,646330
Roll'd,461010
Disgaea PC / È≠îÁïåÊà¶Ë®ò„Éá„Ç£„Çπ„Ç¨„Ç§„Ç¢ PC - Digital Art Book / „Éá„Ç∏„Çø„É´„Éª„Ç¢„Éº„Éà„Éñ„ÉÉ„ÇØ,439540
Premier Buggy Racing Tour,716600
Korvae in space,690440
Pixel Puzzles Ultimate - Puzzle Pack: Wild West,591490
Parallyzed,545670
Arrow Heads,580890
Blue Horizon,589740
ASSASSINATION STATION,683430
Princess Evangile All Ages Version,344630
Awesomenauts - SUSI Announcer,256510
Violett Remastered,257830
Guardians of Middle-earth: The Warrior Bundle,111912
Robocraft,301520
Iron Soul,262080
Speed Kills,284930
The Cube,726650
The Monster Inside,665490
Mission: Demolition,726020
Voices from the Sea - Plus,356440
CRUSH &amp; SQUASH,740740
Usagi Yojimbo: Way of the Ronin,338260
Ashes of the Singularity: Escalation - Epic Map Pack DLC,520642
Block Story‚Ñ¢,270110
3on3 FreeStyle,624910
Sniper Elite 3 - Save Churchill Part 1: In Shadows,312680
Battle Battalions: Infantry Starter Kit,413052
Door To Door,416200
Victoria II: Interwar Spritepack,42964
Battle of Empires : 1914-1918 - Blazing guns,340620
FOR HONOR‚Ñ¢ SEASON PASS,591800
Total War: SHOGUN 2 - Dragon War Battle Pack,201277
RPG Maker VX Ace - Zonderland,268613
Maneki's Curse,448390
PeriAreion,349540
One Shot Escape DLC,289733
Hand of the Gods,648430
Rival Books of Aster - Pauline Art Expansion Pack,639266
Velocibox,317710
Receiver,234190
Pro Gamer Manager,408740
"Duels 2013 ""Mindstorms"" Deck Key",97384
Fantasy ERA,684930
Hacker Evolution Duality,70120
Hyperdimension Neptunia Re;Birth3 Deluxe Pack / Ë∂ÖÊ¨°Ê¨°ÂÖÉ„Ç≤„Ç§„É† „Éç„Éó„ÉÜ„É•„Éº„ÉåRe;Birth3 „Éá„É©„ÉÉ„ÇØ„Çπ„Çª„ÉÉ„Éà,545020
Take On Mars,244030
Casual Spider Solitaire,722810
Pan-Pan,471920
TANE DLC: Amtrak P42DC - Phase V,404982
–®–üUG+–®–ü–ù–¶,749660
Farming Simulator 2013 - Official Expansion (Titanium),246050
X3: Albion Prelude,201310
Natural Selection 2 - Kodiak Pack,296360
Just Deserts - Original Sound Track,507020
Tomb Raider: Shipwrecked Multiplayer Map Pack,208813
Devade,614900
Draft Day Sports: Pro Basketball 2018,745530
Light,271730
The Surprising Adventures of Munchausen,696710
OKAMI HD / Â§ßÁ•û Áµ∂ÊôØÁâà,587620
The Fall of the Dungeon Guardians - Enhanced Edition,409450
Call of Duty¬Æ: Ghosts - Rorke Special Character,281342
Talisman - Character Pack #3 - Devil's Minion,258815
Lion Quest,370130
Mr Rabbit's Jigsaw Puzzle,685040
Milford Heaven - Luken's Chronicles,485570
Arma 3 Jets,601670
Eruption,689160
JCB Pioneer: Mars,536660
Total War: SHOGUN 2,201270
Jackal,454040
Sig.NULL,501930
Grave Danger,555720
My Free Zoo,694130
GravBlocks - Puzzle Solver,420450
Injustice‚Ñ¢ 2 - Raiden,727990
Wargame: Red Dragon,251060
Toukiden: Kiwami,363130
Fate/EXTELLA - Rose Vacances,623190
Karate Master 2 Knock Down Blow,347670
Puzzle Mania,665160
Nevertales: The Beauty Within Collector's Edition,466010
Pixel Puzzles Ultimate - Puzzle Pack: Autumn,502842
Red Forest,555660
Aerannis,356580
Tales of Symphonia,372360
Alien Zombie Megadeath,110610
BNSF Wagon Pack Add-On,275138
Super Toy Cars,116100
RPG Fighter League,550170
TS Marketplace: BRV 50T BORAIL EB/EC Wagons Pack,326031
Pinball Deluxe: Reloaded,678310
Super Lumi Live,667760
Super Puzzle Sisters,542680
X: Tension,2850
Fidget Spinner Editor - Expansion Pack 2,737860
Jack &amp; the cat,668570
You Shall Not Jump: PC Master Race Edition,649000
Achievement Hunter: Spinner Edition,675450
Elegy for a Dead World,252290
Promethium,624680
Lost Dimension: Tranquilizer Bundle,650239
Tanki X,607200
Street Fighter X Tekken: Raven (Swap Costume),210064
Corpse Party,251270
Blueprint Tycoon,454060
Asteria,307130
Rktcr,346130
The Rodinia Project,681520
FINAL FANTASY X/X-2 HD Remaster,359870
COH 2 - German Skin: (M) Stalingrad Winter Pattern,249107
Rocksmith - Otis Redding - (Sittin' On) The Dock of the Bay,206157
Sir! I'd Like To Report A Bug!,393240
Collection - Europa Universalis IV: Monuments to Power Pack,768340
Farming Simulator 15 - HOLMER,345741
KAMUI Original Soundtrack,336870
Haunted Legends: The Bronze Horseman Collector's Edition,623460
Defence to death,603150
RPG Maker VX Ace - Magnificent Quest Music Pack,291474
Crossout - Snake Bite Pack,708490
MicroSpy,669570
S.T.A.L.K.E.R.: Clear Sky,20510
Obliteracers,368740
Planet Bash,700400
The LEGO¬Æ NINJAGO¬Æ Movie Video Game,640590
Deep Ones,696730
Cross Set,415400
RACE - The WTCC Game,4230
Laika 2.0,675140
Downfall - Original Soundtrack,436790
Crusader Kings II: Songs of Prosperity,210907
Nuclear Contingency,540900
It`s Village,656270
Raid Mode: Album Storage C,320388
Assetto Corsa - Dream Pack 1,347990
Team Booster Pack,437121
Air Conflicts: Pacific Carriers,214910
Dogfight 1942,217790
RPG Maker MV - Pop! Horror City,455220
Sudokuball Detective,288690
Eisenwald: Blood of November,528820
Battlefield: Bad Company‚Ñ¢ 2,24960
Bande Dessinee,464512
Nana in the Dark,736200
Total War: WARHAMMER - Grey Wizard,551821
Megadimension Neptunia VII Party Character [Million Arthur],476869
MORE SWEATER? OK!,773080
ComPet - Beast Battles,532800
Noir Syndrome,299780
Pulsen,340960
Guardians of Middle-earth: The Defender Bundle,111914
Tap Heroes,371570
The Onion Knights - Definitive Edition,601580
Gotham City Impostors Free to Play: Weapon Pack - Professional,216431
Evolution Planet: Gold Edition,495090
Hostile Dimension,371410
RPG Maker VX Ace - The Simple Life Music Pack,285462
My Lands: Miner‚Äôs Luck - Extended DLC Pack,316510
Cylne,346550
Only One Hope,581610
Galactic Crew,693750
akda,761630
Mighty Party: Battle and Toads Pack,616300
Where Angels Cry,277560
Chronicle of Innsmouth,420180
Democracy 3: Extremism,291900
Arma 3 Tac-Ops Mission Pack,744950
Steel Division: Normandy 44 - Deluxe Edition Upgrade Pack,718600
Torn Tales,388960
Dusk 12,317970
Shrouded in Sanity,444590
Manga Maker Comipo,262490
The Secret Order 3: Ancient Times,437420
System Shock 2,238210
Adelantado Trilogy. Book Two,573670
"METAL GEAR ONLINE ""BASIC APPEAL PACK""",436040
The Heart of the Earth,645310
Train Simulator: Southern Class 455/8 EMU Add-On,325963
Dynamite Jack,202730
Party Panic,506500
Crypt Cards - Original Soundtrack,555250
Call of Duty¬Æ: Black Ops III,311210
NOBUNAGA‚ÄôS AMBITION: Soutenroku with Power Up Kit / ‰ø°Èï∑„ÅÆÈáéÊúõ„ÉªËíºÂ§©Èå≤ with „Éë„ÉØ„Éº„Ç¢„ÉÉ„Éó„Ç≠„ÉÉ„Éà,628130
fault - milestone two side:above,344770
Atelier Firis - Atelier series special BGM pack / „Ç¢„Éà„É™„Ç®„Ç∑„É™„Éº„Ç∫„Çπ„Éö„Ç∑„É£„É´BGM„Éë„ÉÉ„ÇØ,573546
Counter Agents,549090
Pixel Puzzles Ultimate - Puzzle Pack: Japan,467260
Shoot 'Em Up Kit,369190
Combat Cats,350610
The Seasons,649170
Puzzle Ball,402170
Growing Pains,291610
CDF Ghostship,263640
METAL SLUG DEFENSE - ‚ÄúMorden Army Pack‚Äù Vol.2,362530
Squirt's Adventure,263180
Worms Ultimate Mayhem - Single Player Pack DLC,70615
Crimsonland,262830
Pixel Puzzles 2: Anime,350810
ARENA an Age of Barbarians story,570970
Gunship!,286730
Absoloot,555700
Illville: Return instructions,727550
Rescue the Great Demon 2 - OST package,562780
DARIUSBURST Chronicle Saviours - Darius Odyssey Digital Guidebook,431350
Knight Squad,294000
X-Plane 10 AddOn - Carenado - PA32R 301 Saratoga SP,325143
Mirror Mysteries,291630
Schacht,513300
Villagers and Heroes,263540
Episode 17 - The Frog King,261406
Defense Grid: The Awakening - You Monster DLC,18522
Mata Hari,18480
Bubonic: Outbreak,322430
BackSlash,668280
Pigeon Fight,520370
Leviathan: Warships,202270
Amazing Frog?,332570
Arcana Heart 3 LOVE MAX!!!!!,370460
ALICE VR - Soundtrack,530670
Benji Challenges,393770
Binding of Isaac: Wrath of the Lamb,113204
Operation Abyss: New Tokyo Legacy / Êù±‰∫¨Êñ∞‰∏ñÈå≤ „Ç™„Éö„É¨„Éº„Ç∑„Éß„É≥„Ç¢„Éì„Çπ,541450
Aces Wild: Manic Brawling Action!,269230
The Tiny Bang Story,96000
Avoid - Sensory Overload,286660
Devil in the Pines,706280
Mad Age &amp; This Guy,671650
The Albatross,581600
NOBUNAGA‚ÄôS AMBITION: Haouden with Power Up Kit / ‰ø°Èï∑„ÅÆÈáéÊúõ„ÉªË¶áÁéã‰ºù with „Éë„ÉØ„Éº„Ç¢„ÉÉ„Éó„Ç≠„ÉÉ„Éà,628090
A Detective's Novel,503820
Extra Character (Female #1) + Item Pack for Arcane RE-Raise,611920
Rise of the Triad: Dark War,358410
Bleed,239800
Astral Heroes,488910
I'm Titanium,597990
Rail Cargo Simulator,446490
AquaNox,39630
Mind Snares: Alice's Journey,363330
UWP Exporter for Clickteam Fusion 2.5,267654
Salty Fish Go!,656090
Squarism: Soundtrack,750640
Voodoo Dice,48150
ShellShock Live,326460
Game Character Hub,292230
Loot Hound‚Ñ¢,411680
Panzer Elite Action Gold Edition,292420
Operation Babel: New Tokyo Legacy / Êù±‰∫¨Êñ∞‰∏ñÈå≤ „Ç™„Éö„É¨„Éº„Ç∑„Éß„É≥„Éê„Éô„É´ - Digital Soundtrack / „Éá„Ç∏„Çø„É´„Éª„Çµ„Ç¶„É≥„Éâ„Éà„É©„ÉÉ„ÇØ,548831
Magic matchstick,718660
"Diluvion - Pre-Order Sub ""Derringer""",578020
MineFight Soundtrack Edition,713110
Troubles Land,397240
City of God I - Prison Empire,466860
Crayon Chronicles,341510
Influent DLC - Italiano [Learn Italian],297841
Antihorror,496650
Romance of the Three Kingdoms„ÄÄVI with Power Up Kit / ‰∏âÂúãÂøóVI with „Éë„ÉØ„Éº„Ç¢„ÉÉ„Éó„Ç≠„ÉÉ„Éà,628020
DungeonRift,375550
Battlezone - Rogue Trooper (Bobblehead),558832
Nine Worlds - A Viking saga,700460
Super Rock Blasters!,505290
The Legend of Heroes: Trails of Cold Steel - Shining Pom Bait Pack 5,605354
UK Coal Wagon Pack,256533
Cosmonator,656740
Mahjong Challenge,693240
Far Cry¬Æ 4 Season Pass,324340
FSX Steam Edition: Night Environment: France Add-On,602814
Megamagic: Wizards of the Neon Age,422650
Awesomenauts - Genji the Grey Skin,230884
Caveman Warriors - Soundtrack,634040
Zenohell,402030
Woody Two-Legs: Attack of the Zombie Pirates,49320
FSX: Steam Edition - Santa Barbara Airport (KSBA) Add-On,352188
FSX: Steam Edition - Albatros D.III (Oef) 253,379553
Galactic Junk League - Cyber Launch Pack,682460
The Bizarre Creations of Keith the Magnificent,392730
Magic Lantern DLC,586220
Putt-Putt¬Æ Joins the Circus,294690
Super Trench Attack 2,385360
Command &amp; Conquer 4: Tiberian Twilight,47700
Warhammer: End Times - Vermintide Drachenfels,453280
Flotilla,55000
Heroes of Scene,356130
Robo Miner,378570
Wanderjahr,434860
Dungeon Manager ZV 2 - Expansion Pack,584060
Color Jumper,594810
NARUTO SHIPPUDEN: Ultimate Ninja STORM Revolution - DLC6 Suit Pack,301895
RPG Maker VX Ace - JSM Party Themes,283542
STCC - The Game 1 - Expansion Pack for RACE 07,8690
Monster Monpiece - Deluxe Pack,586010
Indygo,702600
Bad School Boy,678540
Sonic The Hedgehog 2,71163
The little vampir,619380
Train Simulator: Class 2F Dock Tank Loco Add-On,277735
BossConstructor,330100
Zombie Exodus: Safe Haven,543980
OMEGA PATTERN - VISUAL NOVEL,617020
Mugen Souls - Points Fever Bundle 2,403453
Lost Shipwreck,696250
Mini Ninjas,35000
Rabbit Hole 3D: Steam Edition,283660
Assassin's Creed¬Æ Syndicate,368500
Math Combat Challenge,673870
FIREFIGHT RELOADED,397680
Nusakana - 2nd Anniversary Artbook,764600
Ricochet Kills: Noir,596630
Hippocampal: The White Sofa,300900
Analemma,707920
Hyper Light Drifter Original Soundtrack,453020
Deadly Days,740080
Puzzle Cube,539460
The Strike,420380
Puzzle Strike,386740
Sanctum 2: The Last Stand,237090
Mountain Trap: The Manor of Memories,563320
Monaco: What's Yours Is Mine,113020
Sea of Lies: Mutiny of the Heart Collector's Edition,551330
Dead Hungry Diner,211800
Relic Alone,419000
Zaccaria Pinball - Circus Table,478056
Train Simulator: Clear Creek Narrow Gauge Route Add-On,325976
Miscreated,299740
Capsule Force,364060
The Black Death,412450
Train Simulator: WSR Diesels Loco Add-On,222616
Euro Truck Simulator 2 - Flip Paint Designs,301180
Rally Racers,514530
Aurora Trail,755150
Cognition: An Erica Reed Thriller,242780
Saints Row The Third - Genkibowl VII,55380
MacGuffin's Curse,58230
Mission Control: NanoMech,338030
Anarcute - Official Soundtrack,490310
Chaos Domain,287100
Ori and the Blind Forest (Additional Soundtrack),466390
Fetch‚Ñ¢,549190
Dynetzzle Extended,438350
Hero Generations: ReGen,443260
Magic 2013 ‚ÄúMana Mastery‚Äù Deck Key,208843
HELLDIVERS‚Ñ¢ - Demolitionist Pack,395235
TASTEE: Lethal Tactics - Map: Backyard Colosseum,600320
Mysterium: A Psychic Clue Game,556180
The Metronomicon - Chiptune Challenge Pack 1,522650
White Day - Horror Costume - Bong-Goo Lee,687130
Train Simulator: BNSF Locomotive Pack Add-On,222581
Upgrade to Rytmik Ultimate,432440
Molecats,338290
Cubixx HD,420570
Cities: Skylines - Natural Disasters,515191
Project Abyss - Art &amp; Music Collection,561130
FSX Steam Edition: Moving Map Add-On,643681
Christmas Stories: A Christmas Carol Collector's Edition,757030
Stranded In Time,385150
Grim Tales: The Wishes Collector's Edition,758580
Forsaken Generation,711140
Air Missions: HAVOC,549970
Mortal Kombat X,307780
"FSX Steam Edition: Toposim Japan, Korea &amp; Taiwan Add-On",677997
Sky Rogue,381020
Marauder,289600
Starseed Pilgrim,230980
RefRain - prism memories - Chronicle Visual Book,485010
Risen,40300
FINAL FANTASY¬Æ XI: Ultimate Collection Seekers Edition,230330
Khet 2.0 - Eye of Horus Beam Splitter,327610
Zezenia Online,497860
Machine Hunt,546930
Geneforge 3,200990
Dungeon Defenders - President's Day Surprise,204388
Carrier,614250
WARRIORS ALL-STARS / ÁÑ°Âèå‚òÜ„Çπ„Çø„Éº„Ç∫,610190
Voodoo Chronicles: The First Sign HD - Director‚Äôs Cut Edition,304750
Fierce Tales: The Dog's Heart Collector's Edition,564090
Puzzle Nebula,498360
Magicka 2,238370
NARUTO SHIPPUDEN: Ultimate Ninja STORM Revolution - DLC4 Jinchuriki Costume Pack 1,301893
BLEAK: Welcome to Glimmer,364830
Ultimate Tic-Tac-Toe,360870
"Warhammer 40,000: Space Wolf - Saga of the Great Awakening",760720
Galactic Orbital Death Sport,738210
4 Elements,47000
Heroes of Annihilated Empires,4800
Blood Storm,464201
Train Simulator: Soldier Summit Route Add-On,277775
Libra of the Vampire Princess,604170
Duel of Summoners - Collectors Pack,688980
Delicious - Emily's New Beginning,544710
Galactic Arms Race,249610
Train Simulator: London Overground BR Class 313 EMU Add-On,448188
Borderlands 2: Commando Madness Pack,225820
CoH 2 - German Commander: Encirclement Doctrine,249094
Farm Frenzy 2,38130
Layers of Fear - Soundtrack,550210
Fuego!,356100
FURIDASHI - PREMIUM CAR: 1995 MRKII,756721
The Book of Desires,428260
One Troll Army,438680
BIOS,350600
.hack//G.U. Last Recode,525480
Resonance,212050
Fatale,27050
Snake 3D Adventures,572240
MX vs. ATV Supercross Encore,282050
The Long Dark,305620
Cobos,685450
The Purring Quest,409100
Task is to Survive,735410
Reign of Bullets,355350
TS Marketplace: dia. 1/146 HTO 21t Coal Hopper Wagon Pack,326021
SAMURAI WARRIORS: Spirit of Sanada - Additional Weapons Set 2,595752
Adventure in the Tower of Flight,368830
Coffee Run,731180
Big Fish Legend,376560
Pac-Man Championship Edition DX+: Reentrance BGM,246257
Spelunker Party!,629860
Space Warp,326470
Splendor,376680
Knight &amp; Damsel Soundtrack - Maggie McLean,369380
LSDriver,575470
Our Love Will Grow,423770
FSX: Steam Edition - RAAS Professional Add-On,356960
Assassin‚Äôs Creed¬Æ IV Black Flag‚Ñ¢,242050
GUILTY GEAR 2 -OVERTURE-,437000
Magi Trials - Dakimakuras,549113
Dawn of Discovery‚Ñ¢,33210
World War Party: Game Of Trump,705410
Poly Towns,438730
Youtubers Clicker,689750
VR Sports - Golf,647370
Black Sand Drift Collector's Edition Content,517560
Port Royale 3: New Adventures DLC,215972
Beyond Magic,463880
Adventure Of Thieves,511610
inMomentum,110400
Ship Simulator Extremes: Offshore Vessel,48805
Train Simulator: Arriva Trains Wales DMU Pack Add-On,376941
Inside The Code,431470
Akin,487370
Crazy Machines 2:  Halloween,202450
Guns and Robots - Starter Pack,316710
Atlas Reactor,402570
Concursion,303340
Factotum 90,464110
Vol'Talkes - The AI War,347050
Beetlejuice: Bad as Can,692630
RPG Maker VX Ace - Time Fantasy,268614
F1 Race Stars - Princess Accessory Pack,220804
World of Subways 2 ‚Äì Berlin Line 7,283600
Airport Madness: Time Machine,402210
Men of Valor,411330
Eseapner,740500
Hard Minus,692290
Hello Kitty and Sanrio Friends Racing,370600
Dimensity,46720
Ashes of Immortality II - Bad Blood,362150
Super Rad Raygun,297660
Run Turn Die,413700
Tales of Berseria‚Ñ¢,429660
Mahluk:Dark demon,503480
Corroded,446030
BlobCat,613210
"Whispering Willows - Art Book, Soundtrack, and Wallpaper",306601
Nevertales: Legends Collector's Edition,758640
Awakening: The Sunhook Spire Collector's Edition,465860
Dark Night,434150
Ironcast,327670
Content Pack - Crusader Kings II: The Reaper's Due,449981
Helmet Heroes,524970
Sacred Citadel: Jungle Hunt,222380
Iron Front: Digital War Edition,91330
Wonky Ship - Master of Coin,756121
Smugglers 5 DLC: The Smugglers Guild,314400
Yu-Gi-Oh! ZEXAL Dark Mist Saga,523503
Awe,371450
Stayin' Alive,584890
Defunct,359350
CortexGear: AngryDroids,375620
D4: Season One Voice Over Script,372512
Dirty Bomb - Strikeforce Starter Pack,701311
Dunia: Masters,651650
Celestial Command,330460
Business Tour - Online Multiplayer Board Game,397900
Doorways: Holy Mountains of Flesh - Movies,526122
Sengoku Jidai: Shadow of the Shogun,397190
Bubsy: The Woolies Strike Back,627910
Xenoraid: The First Space War,460220
The Rainy Port Keelung Èõ®Ê∏ØÂü∫ÈöÜ,349320
Inverted,496870
Timeless: The Forgotten Town Collector's Edition,569900
the 9th day:Á¨¨‰πùÊó•,491420
BIT.TRIP CORE,205060
Rocksmith - David Bowie - Space Oddity,206110
Quantum Conundrum: The Desmond Debacle,204900
FreeHolder,463800
Undercover Missions: Operation Kursk K-141,403390
Black River,585090
Trigonometry,749990
Batman‚Ñ¢: Arkham Knight,208650
The Fleet,648020
Ringies,394480
Train Simulator: BR Class 422 ‚Äò4BIG‚Äô EMU Add-On,222547
Football Manager Touch 2017 - No Sacking,489848
Civilization V - Scrambled Continents Map Pack,235584
Lux Alliance,595660
Crypt of the Serpent King,528730
The Great Escape,434800
hack_me,526740
Krampus Quest,758170
Disney Infinity 2.0: Gold Edition,541660
CrazyCar - Images and Music,764950
Rig n Roll,46370
Aporia: Beyond The Valley,573130
NOCT Official Soundtrack,413060
Planar Conquest,449300
Call of Duty¬Æ: Ghosts - Abstract Pack,295440
Poi,401810
Crystal Picnic,415890
Dawn of War II: Retribution ‚Äì The Last Stand,56438
AI War: Fleet Command,40400
Street Fighter X Tekken: Dhalsim (Swap Costume),210036
"RIVE: Wreck, Hack, Die, Retry!",278100
Fortix,45400
F1 Race Stars - Europe Track DLC,220801
Nefarious,448290
Train Simulator: BR Class 101 DMU Add-On,222579
12 Labours of Hercules III: Girl Power,360650
FSX: Steam Edition - Piper PA-36 Pawnee Brave 375 Add-On,355640
J.U.L.I.A.: Among the Stars,257690
Thieves' Gambit: The Curse of the Black Cat,328550
Twilight Struggle - Turn Zero &amp; Promo Cards,558480
Dark Parables: Rise of the Snow Queen Collector's Edition,499110
Metal Planet,299840
Warlock 2: Wrath of the Nagas,306150
Drawn¬Æ: The Painted Tower,51060
Train Simulator: CRH380D EMU Add-On,277770
aMAZE,604780
Firewood Soundtrack,693910
Zaccaria Pinball - Mystic Star Table,478051
Space Epic Untitled - New Recruit Bundle,728180
The Minotaur,412540
Aero's Quest,367780
Red Baron Pack,263940
Pointless,442290
The House,302910
Vanilla Bagel: The Roguelike,491510
Êñ∞‰ªôÂâëÂ•á‰æ†‰º† ÂçïÊú∫Áâà(Chinese PaladinÔºöSword and Fairy),695630
Bonanza Bros.‚Ñ¢,34284
Agarest Zero - DLC Bundle #6,281606
Buzz Aldrin's Space Program Manager,308270
Seven boys 2,671240
NOBUNAGA‚ÄôS AMBITION: Kakushin with Power Up Kit / ‰ø°Èï∑„ÅÆÈáéÊúõ„ÉªÈù©Êñ∞ with „Éë„ÉØ„Éº„Ç¢„ÉÉ„Éó„Ç≠„ÉÉ„Éà,363090
Borderlands: The Secret Armory of General Knoxx,50110
How To Make Your Grandpa Happy,522280
Iggy's Egg Adventure,366040
Soldier of Failure: Operation Zombie,748760
Iron Storm,296180
Measurement Problem,534960
Dungeoncraft,370750
Life is Strange - Episode 5,329930
Atomic Sky,675980
Rotation Phonology: Break,554690
Osmorrow,758220
Guise Of The Wolf,259640
Viewpoints,667960
Coffence,583240
Train Simulator: Norfolk Southern Dash8-40C Loco Add-On,277732
The Binding of Isaac,113200
Davyria: Heroes of Eternity,593850
Watchmen: The End is Nigh Part 2,21030
X-Plane 11 - Add-on: Aerosoft - CRJ 200,582577
Shake Your Money Simulator 2016,448660
Cities in Motion 2: Back to the Past,225431
The Great War 1918,314420
Upgrade to Magnetic: Cage Closed Collector's Edition,362850
Ember Strike,374670
Zaccaria Pinball - House of Diamonds Table,478050
HyperRogue,342610
Commandos: Beyond the Call of Duty,6810
Casino Noir,586470
Cars with Guns: It's About Time,762900
Train Simulator: PRR Baldwin Centipede Loco Add-On,208318
Slash it 2 - German Edition Pack,588840
X-Plane 11 - Add-on: Aerosoft - Airport SCEL Santiago International 2.0,623617
Worms,70640
Train Simulator: Norfolk Southern SD45 High Hoods Loco Add-On,222555
Airstrike HD,453980
XIII Century ‚Äì Gold Edition,34420
Achievement Hunter: Foxy,710330
Command Ops 2: Ride of the Valkyries Vol. 3,524173
LEGO Marvel Super Heroes DLC: Asgard Pack,256321
Stealth Bastard Deluxe - Soundtrack,209201
Queen of Seas,575580
NEStalgia,249550
Toast Time,316660
Cybercube,656880
Fortify,378260
Torment: Tides of Numenera - Immortal Edition Upgrade,596231
"Warhammer 40,000: Space Marine - Traitor Legions Pack",55341
Fly'N,223730
CHAOS CODE -NEW SIGN OF CATASTROPHE-,536560
CoH 2 - German Commander: Osttruppen Doctrine,249086
Age of Empires II HD: Rise of the Rajas,488060
Mute Crimson+ Soundtrack,387160
Valiant Hearts: The Great War‚Ñ¢ / Soldats Inconnus : M√©moires de la Grande Guerre‚Ñ¢,260230
–®–ü,727640
Khan: Absolute Power,451130
Shadows of Adam,506510
Collection - Europa Universalis IV: Early Upgrade Pack,617962
The First Time I Died,653770
Geared,341770
"Gazzel Quest, The Five Magic Stones",500120
Test Drive Unlimited 2,9930
Goat Simulator: Original Soundtrack,335350
THIEF: The Bank Heist,259900
Polaris Sector: Lumens,620680
Hyperdimension Neptunia Re;Birth1 Peashy Battle Entry / „Éî„Éº„Ç∑„Çß„Éê„Éà„É´ÂèÇÂä†„É©„Ç§„Çª„É≥„Çπ / Áï¢Èõ™ÂèÉÊà∞Ë®±ÂèØ,319015
The Resistance,752690
A Midsummer Night's Choice,520150
Pixel Puzzles Ultimate - Puzzle Pack: PP2 Birds,577403
Secret of the Magic Crystals - Soundtrack and Coloring Book,321420
Vikings - Wolves of Midgard,404590
WWE 2K17 - NXT Enhancement Pack,570180
Cybermotion,623380
Carrie's Order Up!,522490
Volume,365770
The Bedtime Story,551650
Fairy Fencer F Advent Dark Force | „Éï„Çß„Ç¢„É™„Éº„Éï„Çß„É≥„Çµ„Éº „Ç®„Éï ADVENT DARK FORCE | Â¶ñÁ≤æÂäçÂ£´ F ADVENT DARK FORCE,524580
Lydia,629000
BorderZone,289220
Time Killers: Spot Race,735530
H.I.S.T.O.R.Y T.O.R.C.H.K.A,521830
Square n Fair,575680
Hammerfight,41100
PRiO,428410
8-Bit Adventures: The Forgotten Journey Remastered Edition,370300
DiscStorm,330670
Tex Murphy: Overseer,302370
Teal,658760
Demon Truck,489760
BOOR,450170
Wing Pro 6 Commercial Use Upgrade,621320
Imagine Me,265670
LOGistICAL: Switzerland,733520
Train Simulator: BNSF ES44DC Loco Add-On,222611
Train Simulator: GWR Large Prairies Steam Loco Add-On,562398
Hello Neighbor,521890
When It Hits the Fan,522900
–ê—Å—Ç—Ä–æ–ª–æ—Ä–¥—ã: –ü–∞–∫–µ—Ç –±–æ–µ–≤ (MOBA - –¥–≤–µ —Å—Ç–∞–Ω—Ü–∏–∏ 25),428770
Puzzler,719550
Zaccaria Pinball - Blackbelt Table,478034
Military Airfield - Donation DLC,602210
Planet Explorers Official Soundtrack,553700
Frizzy,391100
Bystander,674860
Rocket League¬Æ - Proteus,457160
TAOTH - The Adventures of the Herkulez,749470
Ramify,534560
Civilization V - Civ and Scenario Double Pack: Spain and Inca,16867
LONE WOLF: Horizon,429020
Morphite,661740
Pool of Death,497240
East Tower - Kurenai,356560
Over The Hills And Far Away - Official Soundtrack,397490
Street Fighter X Tekken: Hwoarang (Swap Costume),210059
BHB: BioHazard Bot,711260
The Exorcist,683160
IMSCARED,429720
My Secret Pets!,447180
Crazy Veggies,621050
FrightShow Fighter,455830
Agarest:Generations of War Premium Edition Upgrade,260960
Galaxy Force II‚Ñ¢,34310
Bejeweled Deluxe,3350
Nusakana OST,441760
Unfinished - An Artist's Lament,388680
STAR WARS‚Ñ¢ Jedi Knight II - Jedi Outcast‚Ñ¢,6030
Heliborne - East Germany Camouflage Pack,749240
YOU DON'T KNOW JACK Vol. 2,259940
Cherry Tree High Girls' Fight,459540
Crusader Kings II: Hymns to the Old Gods,226660
QUACK ATTACK 1985: TURBO DX EDITION,500340
Game Tycoon 1.5,273770
Terraria,105600
Surviving in the forest,704460
Runes of Brennos,330450
#monstercakes,614910
Below Kryll,365870
Super Chain Crusher Horizon,262920
Battlestations: Midway,6870
Trials of the Thief-Taker,688000
Deathsmiles,314180
Battlezone - Red Tiger (Skin),594461
Eternal Maze,652990
Trapped Dead,46540
Royal Quest - Welcome Pack,323740
Civilization VI - Persia and Macedon Civilization &amp; Scenario Pack,512035
Yashik,754800
Tomato Jones 2,625940
Zotrix,343280
Sisyphus Reborn,517910
Saint's Row: Gat Out of Hell - Devil's Workshop Pack,318850
Rise of Balloons,610460
HEX: Frostheart Bundle,665580
Enlysia,665670
SYNCH,582830
Escape From Space Shredder,681540
Van Helsing: Thaumaturge,215535
Cash Crop,662910
Hell Quest,657770
Just Deserts,488660
Euro Truck Simulator 2,227300
Android Exporter for Clickteam Fusion 2.5,267650
Hearts of Iron III,25890
MEG 9: Lost Echoes,405190
Adventures Of Fluzz,523670
